<?xml version="1.0" encoding="UTF-8" ?>
<!--
scan: 当此属性设置为true时，配置文件如果发生改变，将会被重新加载，默认值为true。
scanPeriod: 设置监测配置文件是否有修改的时间间隔，如果没有给出时间单位，默认单位是毫秒。当scan为true时，此属性生效。默认的时间间隔为1分钟。
debug: 当此属性设置为true时，将打印出logback内部日志信息，实时查看logback运行状态。默认值为false。
-->
<configuration scan="false" scanPeriod="2 seconds" debug="false">

    <!-- 用来定义变量值的标签，<property> 有两个属性，name和value；其中name的值是变量的名称，value的值时变量定义的值。通过<property>定义的值会被插入到logger上下文中。定义变量后，可以使“${}”来使用变量。 -->
    <!-- 应用名称：和统一配置中的项目代码保持一致（小写），[logback] 变量指定默认值。格式是 ${变量名:-默认值}，**光有冒号还不够，再加条短线后面才是默认值** -->
    <property name="APP_NAME" value="${spring.application.name:-params-healthcare-rest}"/>

    <!-- 用来定义变量值的标签，<property> 有两个属性，name和value；其中name的值是变量的名称，value的值时变量定义的值。通过<property>定义的值会被插入到logger上下文中。定义变量后，可以使“${}”来使用变量。 -->
    <!--在没有定义${LOG_HOME}系统变量的时候，可以设置此本地变量。提交测试、上线时，要将其注释掉，使用系统变量。-->
    <contextName>${APP_NAME}</contextName>

    <!--日志文件保留天数-->
    <property name="LOG_MAX_HISTORY" value="30"/>
    <!--应用日志文件保存路径-->
    <property name="LOG_APP_HOME" value="${LOG_HOME}/${APP_NAME}"/>

    <!-- 彩色日志 -->
    <!-- 彩色日志依赖的渲染类 -->
    <conversionRule conversionWord="clr"
                    converterClass="org.springframework.boot.logging.logback.ColorConverter"/>
    <conversionRule conversionWord="wex"
                    converterClass="org.springframework.boot.logging.logback.WhitespaceThrowableProxyConverter"/>
    <conversionRule conversionWord="wEx"
                    converterClass="org.springframework.boot.logging.logback.ExtendedWhitespaceThrowableProxyConverter"/>
    <!-- 彩色日志格式 -->
    <property name="CONSOLE_LOG_PATTERN"
              value="${CONSOLE_LOG_PATTERN:-%clr(%d{yyyy-MM-dd HH:mm:ss.SSS}){faint} %clr(${LOG_LEVEL_PATTERN:-%5p}) %clr(${PID:- }){magenta} %clr(---){faint} %clr([%15.15t]){faint} %clr(%-40.40logger{39}){cyan} %clr(:){faint} %m%n${LOG_EXCEPTION_CONVERSION_WORD:-%wEx}}"/>
    <property name="FILE_LOG_PATTERN"
              value="%-12(%d{yyyy-MM-dd HH:mm:ss.SSS}) |-%-5level [%thread] %c [%L] -| %msg%n"/>

    <!-- 禁用logback自身日志输出 -->
    <statusListener class="ch.qos.logback.core.status.NopStatusListener"/>

    <!-- 控制台输出日志 -->
    <appender name="STDOUT" class="ch.qos.logback.core.ConsoleAppender">
        <encoder>
            <!--
               格式化输出：%d表示日期，%thread表示线程名，%-5level：级别从左显示5个字符宽度 %msg：日志消息，%n是换行符
               %d{yyyy-MM-dd HH:mm:ss.SSS} [%thread] %-5level %logger{50} - %msg%n
               %replace(%replace(%caller{1}){'Caller\+0', ''}){' at ', ''}
            -->
            <pattern>${CONSOLE_LOG_PATTERN}</pattern>
            <charset>utf8</charset>
        </encoder>
    </appender>

    <logger name="org.eclipse" level="WARN"/>
    <Logger name="io.netty" level="warn"/>
    <Logger name="org.xnio" level="warn"/>
    <Logger name="org.jasig" level="warn"/>
    <Logger name="org.quartz" level="warn"/>
    <Logger name="com.zaxxer" level="warn"/>
    <Logger name="io.lettuce" level="warn"/>
    <Logger name="com.aliyun" level="warn"/>
    <Logger name="org.mybatis" level="INFO"/>
    <Logger name="io.undertow" level="warn"/>
    <Logger name="org.apache" level="error"/>
    <Logger name="org.mongodb" level="warn"/>
    <Logger name="reactor.util" level="warn"/>
    <Logger name="com.alibaba" level="error"/>
    <Logger name="org.eclipse" level="error"/>
    <Logger name="com.dingtalk" level="warn"/>
    <Logger name="org.crsh.ssh" level="warn"/>
    <Logger name="com.baomidou" level="warn"/>
    <Logger name="org.thymeleaf" level="warn"/>
    <Logger name="org.hibernate" level="error"/>
    <Logger name="de.codecentric" level="warn"/>
    <Logger name="org.crsh.plugin" level="warn"/>
    <Logger name="org.reflections" level="warn"/>
    <Logger name="com.ulisesbocchio" level="warn"/>
    <Logger name="com.baidu.disconf" level="warn"/>
    <Logger name="HTTP_INVOKE_LOGGER" level="warn"/>
    <Logger name="org.springframework" level="warn"/>
    <Logger name="org.I0Itec.zkcliento" level="warn"/>
    <Logger name="DING_OPEN_CLIENT_SDK_LOGGER" level="warn"/>
    <logger name="com.params" level="DEBUG"/>
    <logger name="com.params.dao" level="DEBUG"/>

    <!--通用日志-->
    <root level="DEBUG">
        <appender-ref ref="STDOUT"/>
    </root>

</configuration>