<?xml version="1.0" encoding="UTF-8"?>
<!DOCTYPE mapper
        PUBLIC "-//mybatis.org//DTD Mapper 3.0//EN"
        "http://mybatis.org/dtd/mybatis-3-mapper.dtd">
<mapper namespace="com.params.dao.AdminUserInfoDao">

    <resultMap id="BaseResultMap" type="com.params.entity.AdminUserInfo">
            <id property="id" column="id" jdbcType="INTEGER"/>
            <result property="adminId" column="admin_id" jdbcType="INTEGER"/>
            <result property="realName" column="real_name" jdbcType="VARCHAR"/>
            <result property="introduction" column="introduction" jdbcType="VARCHAR"/>
            <result property="sex" column="sex" jdbcType="TINYINT"/>
            <result property="homepageDisplaySort" column="homepage_display_sort" jdbcType="INTEGER"/>
            <result property="homepageDisplaySwitch" column="homepage_display_switch" jdbcType="TINYINT"/>
            <result property="registrationAmount" column="registration_amount" jdbcType="DECIMAL"/>
            <result property="registrationCount" column="registration_count" jdbcType="INTEGER"/>
            <result property="employeeId" column="employee_id" jdbcType="VARCHAR"/>
            <result property="createTime" column="create_time" jdbcType="TIMESTAMP"/>
            <result property="modifyTime" column="modify_time" jdbcType="TIMESTAMP"/>
            <result property="deleted" column="deleted" jdbcType="TINYINT"/>
            <result property="clinicId" column="clinic_id" jdbcType="INTEGER"/>
    </resultMap>

    <sql id="Base_Column_List">
        id,admin_id,real_name,
        introduction,sex,homepage_display_sort,
        homepage_display_switch,registration_amount,registration_count,
        employee_id,create_time,modify_time,
        deleted,clinic_id,avatar_url
    </sql>
    <select id="cusPage" resultType="com.params.entity.AdminUserInfo">
        SELECT sd.schedule_id, aui.*
        FROM schedule_detail sd
                 left join admin_user_info aui on aui.admin_id = sd.admin_id
            ${ew.customSqlSegment}
    </select>
</mapper>
