<?xml version="1.0" encoding="UTF-8"?>
<!DOCTYPE mapper PUBLIC "-//mybatis.org//DTD Mapper 3.0//EN" "http://mybatis.org/dtd/mybatis-3-mapper.dtd">
<mapper namespace="com.params.dao.AdminDao">

    <!-- 通用查询映射结果 -->
    <resultMap id="BaseResultMap" type="com.params.entity.Admin">
        <id column="id" property="id" />
        <result column="name" property="name" />
        <result column="nick_name" property="nickName" />
        <result column="password" property="password" />
        <result column="mobile" property="mobile" />
        <result column="email" property="email" />
        <result column="merchant_id" property="merchantId" />
        <result column="unique_code" property="uniqueCode" />
        <result column="pass_expire_time" property="passExpireTime" />
        <result column="status" property="status" />
        <result column="last_login_ip" property="lastLoginIp" />
        <result column="last_login_time" property="lastLoginTime" />
        <result column="create_time" property="createTime" />
        <result column="modify_time" property="modifyTime" />
        <result property="deleted" column="deleted" jdbcType="TINYINT"/>
        <result column="clinic_id" property="clinicId" />
    </resultMap>
    <!-- 通用查询结果列 -->
    <sql id="Base_Column_List">
        id, name, nick_name, password, mobile, email, merchant_id, unique_code, pass_expire_time, status, last_login_ip, last_login_time, create_time,deleted, modify_time,clinicId
    </sql>

</mapper>
