<?xml version="1.0" encoding="UTF-8"?>
<!DOCTYPE mapper PUBLIC "-//mybatis.org//DTD Mapper 3.0//EN" "http://mybatis.org/dtd/mybatis-3-mapper.dtd">
<mapper namespace="com.params.dao.AdminSessionDao">

    <!-- 通用查询映射结果 -->
    <resultMap id="BaseResultMap" type="com.params.entity.AdminSession">
        <result column="id" property="id" />
        <result column="user_id" property="userId" />
        <result column="user_type" property="userType" />
        <result column="username" property="username" />
        <result column="user_ip" property="userIp" />
        <result column="user_agent" property="userAgent" />
        <result column="session_timeout" property="sessionTimeout" />
        <result column="create_time" property="createTime" />
        <result column="modify_time" property="modifyTime" />
    </resultMap>
    <!-- 通用查询结果列 -->
    <sql id="Base_Column_List">
        id, user_id, user_type, username, user_ip, user_agent, session_timeout, create_time, modify_time
    </sql>

</mapper>
