<?xml version="1.0" encoding="UTF-8"?>
<!DOCTYPE mapper PUBLIC "-//mybatis.org//DTD Mapper 3.0//EN" "http://mybatis.org/dtd/mybatis-3-mapper.dtd">
<mapper namespace="com.params.dao.CityDao">

    <!-- 通用查询映射结果 -->
    <resultMap id="BaseResultMap" type="com.params.entity.City">
        <id column="id" property="id" />
        <result column="pinyin" property="pinyin" />
        <result column="name" property="name" />
        <result column="alias" property="alias" />
        <result column="parent_id" property="parentId" />
        <result column="code" property="code" />
        <result column="type" property="type" />
        <result column="hotable" property="hotable" />
        <result column="rank" property="rank" />
        <result column="longitude" property="longitude" />
        <result column="latitude" property="latitude" />
        <result column="version" property="version" />
        <result column="disable" property="disable" />
        <result column="create_time" property="createTime" />
        <result column="modify_time" property="modifyTime" />
    </resultMap>
    <!-- 通用查询结果列 -->
    <sql id="Base_Column_List">
        id, pinyin, name, alias, parent_id, code, type, hotable, rank, longitude, latitude, version, disable, create_time, modify_time
    </sql>
    <select id="getCityList" resultType="com.params.pojo.bo.CityListBO">
        select city.id as city_id,city.code,city.hotable,city.name,city.parent_id,city.type,city.longitude,city.latitude,city.pinyin from city where disable=0 order by `rank` desc
    </select>

</mapper>
