<?xml version="1.0" encoding="UTF-8"?>
<!DOCTYPE mapper
        PUBLIC "-//mybatis.org//DTD Mapper 3.0//EN"
        "http://mybatis.org/dtd/mybatis-3-mapper.dtd">
<mapper namespace="com.params.dao.ClinicDao">

    <resultMap id="BaseResultMap" type="com.params.entity.Clinic">
            <id property="id" column="id" jdbcType="INTEGER"/>
            <result property="clinicName" column="clinic_name" jdbcType="VARCHAR"/>
            <result property="clinicIntroduce" column="clinic_introduce" jdbcType="VARCHAR"/>
            <result property="longitude" column="longitude" jdbcType="DOUBLE"/>
            <result property="latitude" column="latitude" jdbcType="DOUBLE"/>
            <result property="clinicAddress" column="clinic_address" jdbcType="VARCHAR"/>
            <result property="status" column="status" jdbcType="TINYINT"/>
            <result property="appId" column="app_id" jdbcType="VARCHAR"/>
            <result property="createTime" column="create_time" jdbcType="TIMESTAMP"/>
            <result property="modifyTime" column="modify_time" jdbcType="TIMESTAMP"/>
            <result property="operator" column="operator" jdbcType="VARCHAR"/>
            <result property="deleted" column="deleted" jdbcType="TINYINT"/>
    </resultMap>

    <sql id="Base_Column_List">
        id,clinic_name,clinic_introduce,
        longitude,latitude,clinic_address,
        status,app_id,create_time,modify_time,
        operator,deleted
    </sql>
</mapper>
