<?xml version="1.0" encoding="UTF-8"?>
<!DOCTYPE mapper
        PUBLIC "-//mybatis.org//DTD Mapper 3.0//EN"
        "http://mybatis.org/dtd/mybatis-3-mapper.dtd">
<mapper namespace="com.params.dao.MedicalRecordsDao">

    <resultMap id="BaseResultMap" type="com.params.entity.MedicalRecords">
            <id property="id" column="id" jdbcType="INTEGER"/>
            <result property="patientSn" column="patient_sn" jdbcType="VARCHAR"/>
            <result property="orderSn" column="order_sn" jdbcType="VARCHAR"/>
            <result property="scheduleDetailId" column="schedule_detail_id" jdbcType="INTEGER"/>
            <result property="completionTime" column="completion_time" jdbcType="TIMESTAMP"/>
            <result property="adminId" column="admin_id" jdbcType="INTEGER"/>
            <result property="medicalType" column="medical_type" jdbcType="TINYINT"/>
            <result property="progress" column="progress" jdbcType="INTEGER"/>
            <result property="totalSessions" column="total_sessions" jdbcType="INTEGER"/>
            <result property="status" column="status" jdbcType="TINYINT"/>
            <result property="adminNotes" column="admin_notes" jdbcType="VARCHAR"/>
            <result property="medicalStaffNotes" column="medical_staff_notes" jdbcType="VARCHAR"/>
            <result property="createTime" column="create_time" jdbcType="TIMESTAMP"/>
            <result property="modifyTime" column="modify_time" jdbcType="TIMESTAMP"/>
            <result property="operator" column="operator" jdbcType="VARCHAR"/>
            <result property="deleted" column="deleted" jdbcType="TINYINT"/>
            <result property="clinicId" column="clinic_id" jdbcType="INTEGER"/>
    </resultMap>

    <sql id="Base_Column_List">
        id,patient_sn,order_sn,
        schedule_detail_id,completion_time,admin_id,
        medical_type,progress,total_sessions,
        status,admin_notes,medical_staff_notes,
        create_time,modify_time,operator,
        deleted,clinic_id
    </sql>
    <select id="getReserveList" resultType="com.params.pojo.vo.ReserveListVO">
        SELECT distinct mr.id,
                        os.order_type,
                        os.order_sn,
                        os.parent_order_sn,
                        COALESCE(mr.schedule_detail_id, os.schedule_detail_id) AS schedule_detail_id,
                        os.admin_id,
                        mr.progress,
                        mr.total_sessions,
                        COALESCE(mr.status, os.business_status) as status
        FROM orders os
                 left JOIN schedule_detail_patient_bind sdpb ON sdpb.order_sn = os.order_sn
                 left JOIN medical_records mr on os.order_sn = mr.order_sn
                 left JOIN schedule_detail sd ON sd.id = mr.schedule_detail_id
            ${ew.customSqlSegment}
    </select>
    <select id="getPatientLastMedicalRecords" resultType="com.params.entity.MedicalRecords">
        SELECT
        mr.`id` ,
        mr.`patient_sn`,
        mr.`order_sn` ,
        mr.`schedule_detail_id` ,
        mr.`completion_time`,
        mr.`admin_id`,
        mr.`medical_type`,
        mr.`progress` ,
        mr.`total_sessions`,
        mr.`status`,
        mr.`admin_notes`,
        mr.`medical_staff_notes` ,
        mr.`create_time` ,
        mr.`modify_time` ,
        mr.`operator` ,
        mr.`deleted` ,
        mr.`clinic_id`
        FROM medical_records mr
        WHERE mr.id IN (
        SELECT MAX(id) AS id
        FROM medical_records mr2 where
        mr2.patient_sn = mr.patient_sn
        )
        AND mr.patient_sn IN
        <foreach collection="patientSns" item="patientSn" open="(" separator="," close=")">
            #{patientSn}
        </foreach>
    </select>
    <select id="getLastMedicalRecordsByOrderSns" resultType="com.params.entity.MedicalRecords">
        SELECT mr.`id`,
        mr.`patient_sn`,
        mr.`order_sn`,
        mr.`schedule_detail_id`,
        mr.`completion_time`,
        mr.`admin_id`,
        mr.`medical_type`,
        mr.`progress`,
        mr.`total_sessions`,
        mr.`status`,
        mr.`admin_notes`,
        mr.`medical_staff_notes`,
        mr.`create_time`,
        mr.`modify_time`,
        mr.`operator`,
        mr.`deleted`,
        mr.`clinic_id`
        FROM medical_records mr
        WHERE mr.medical_type = 2 AND mr.id IN (SELECT MAX(id) AS id
        FROM medical_records mr2
        where mr2.order_sn = mr.order_sn AND mr2.status in (5, 6))
        AND mr.order_sn IN
        <foreach collection="orderSns" item="orderSn" open="(" separator="," close=")">
            #{orderSn}
        </foreach>
    </select>
</mapper>
