<?xml version="1.0" encoding="UTF-8"?>
<!DOCTYPE mapper
        PUBLIC "-//mybatis.org//DTD Mapper 3.0//EN"
        "http://mybatis.org/dtd/mybatis-3-mapper.dtd">
<mapper namespace="com.params.dao.OfficialUserBindDao">

    <resultMap id="BaseResultMap" type="com.params.entity.OfficialUserBind">
            <id property="id" column="id" jdbcType="INTEGER"/>
            <result property="unionid" column="unionid" jdbcType="VARCHAR"/>
            <result property="uniqueCode" column="unique_code" jdbcType="VARCHAR"/>
            <result property="officialCode" column="official_code" jdbcType="VARCHAR"/>
            <result property="type" column="type" jdbcType="OTHER"/>
            <result property="createTime" column="create_time" jdbcType="TIMESTAMP"/>
            <result property="modifyTime" column="modify_time" jdbcType="TIMESTAMP"/>
    </resultMap>

    <sql id="Base_Column_List">
        id,unionid,unique_code,
        official_code,type,create_time,
        modify_time
    </sql>
</mapper>
