<?xml version="1.0" encoding="UTF-8"?>
<!DOCTYPE mapper
        PUBLIC "-//mybatis.org//DTD Mapper 3.0//EN"
        "http://mybatis.org/dtd/mybatis-3-mapper.dtd">
<mapper namespace="com.params.dao.OfficialAccountDao">

    <resultMap id="BaseResultMap" type="com.params.entity.OfficialAccount">
            <id property="id" column="id" jdbcType="INTEGER"/>
            <result property="appid" column="appid" jdbcType="VARCHAR"/>
            <result property="name" column="name" jdbcType="VARCHAR"/>
            <result property="code" column="code" jdbcType="VARCHAR"/>
            <result property="ch" column="ch" jdbcType="OTHER"/>
            <result property="officialCode" column="official_code" jdbcType="VARCHAR"/>
            <result property="strategy" column="strategy" jdbcType="VARCHAR"/>
            <result property="merchantId" column="merchant_id" jdbcType="INTEGER"/>
            <result property="deleted" column="deleted" jdbcType="TINYINT"/>
            <result property="remark" column="remark" jdbcType="VARCHAR"/>
            <result property="resultMsgType" column="result_msg_type" jdbcType="VARCHAR"/>
            <result property="config" column="config" jdbcType="VARCHAR"/>
            <result property="type" column="type" jdbcType="VARCHAR"/>
            <result property="createTime" column="create_time" jdbcType="TIMESTAMP"/>
            <result property="modifyTime" column="modify_time" jdbcType="TIMESTAMP"/>
            <result property="extConfig" column="ext_config" jdbcType="VARCHAR"/>
    </resultMap>

    <sql id="Base_Column_List">
        id,appid,name,
        code,ch,official_code,
        strategy,merchant_id,deleted,
        remark,result_msg_type,config,
        type,create_time,modify_time,
        ext_config
    </sql>

    <select id="getOfficialAccountByUserCode" resultType="com.params.pojo.bo.wx.OfficialAccountBO">
        select * from official_user_bind  o
                          left join official_account a on a.official_code=o.official_code
        where o.unique_code=#{uniqueCode} and a.code='CONFIG' and a.ch=#{sourceType}  limit 0,1
    </select>

    <select id="getOfficialAccountByUnionId" resultType="com.params.pojo.bo.wx.OfficialAccountBO">
        select * from official_user_bind  o
                          left join official_account a on a.official_code=o.official_code
        where o.unionid=#{unionId} and a.code='CONFIG' and a.ch=#{sourceType} and o.official_code =#{officialCode}  limit 0,1
    </select>
</mapper>
