<?xml version="1.0" encoding="UTF-8"?>
<!DOCTYPE mapper
        PUBLIC "-//mybatis.org//DTD Mapper 3.0//EN"
        "http://mybatis.org/dtd/mybatis-3-mapper.dtd">
<mapper namespace="com.params.dao.OrdersDao">

    <resultMap id="BaseResultMap" type="com.params.entity.Orders">
            <id property="id" column="id" jdbcType="INTEGER"/>
            <result property="orderSn" column="order_sn" jdbcType="VARCHAR"/>
            <result property="parentOrderSn" column="parent_order_sn" jdbcType="BIGINT"/>
            <result property="orderType" column="order_type" jdbcType="TINYINT"/>
            <result property="orderAmount" column="order_amount" jdbcType="DECIMAL"/>
            <result property="sourceAmount" column="source_amount" jdbcType="DECIMAL"/>
            <result property="merchantNum" column="merchant_num" jdbcType="VARCHAR"/>
            <result property="tradeNum" column="trade_num" jdbcType="VARCHAR"/>
            <result property="payTime" column="pay_time" jdbcType="TIMESTAMP"/>
            <result property="applyRefundTiapplyRefundTime" column="apply_refund_tiapply_refund_time" jdbcType="TIMESTAMP"/>
            <result property="refundFee" column="refund_fee" jdbcType="DECIMAL"/>
            <result property="refundTime" column="refund_time" jdbcType="TIMESTAMP"/>
            <result property="chiefComplaint" column="chief_complaint" jdbcType="VARCHAR"/>
            <result property="diagnosis" column="diagnosis" jdbcType="VARCHAR"/>
            <result property="orderStatus" column="order_status" jdbcType="TINYINT"/>
            <result property="businessStatus" column="business_status" jdbcType="TINYINT"/>
            <result property="scheduleDetailId" column="schedule_detail_id" jdbcType="INTEGER"/>
            <result property="adminId" column="admin_id" jdbcType="INTEGER"/>
            <result property="createAdminId" column="create_admin_id" jdbcType="INTEGER"/>
            <result property="userId" column="user_id" jdbcType="INTEGER"/>
            <result property="patientSn" column="patient_sn" jdbcType="VARCHAR"/>
            <result property="createTime" column="create_time" jdbcType="TIMESTAMP"/>
            <result property="modifyTime" column="modify_time" jdbcType="TIMESTAMP"/>
            <result property="operator" column="operator" jdbcType="VARCHAR"/>
            <result property="deleted" column="deleted" jdbcType="TINYINT"/>
            <result property="clinicId" column="clinic_id" jdbcType="INTEGER"/>
    </resultMap>

    <sql id="Base_Column_List">
        id,order_sn,parent_order_sn,
        order_type,order_amount,source_amount,merchant_num,
        trade_num,pay_time,apply_refund_tiapply_refund_time,
        refund_fee,refund_time,chief_complaint,
        diagnosis,order_status,business_status,
        schedule_detail_id,admin_id,user_id,
        patient_sn,create_time,modify_time,create_admin_id,
        operator,deleted,clinic_id
    </sql>

    <select id="getOrders" parameterType="com.params.pojo.dto.QueryOrderDTO" resultType="com.params.entity.Orders">
        select *
        from orders
        where
            clinic_id = #{dto.channelId}
            and deleted = 0
        <if test="dto.userId != null">
            and user_id = #{dto.userId}
        </if>
        <if test="dto.adminId != null">
            and admin_id = #{dto.adminId}
        </if>
        <if test="dto.orderId != null">
            and id = #{dto.orderId}
        </if>
        <if test="dto.orderSn != null and '' != dto.orderSn">
            AND order_sn like CONCAT('%', CONCAT(#{dto.orderSn},'%'))
        </if>
        <if test="dto.patientSns != null and dto.patientSns.size()>0">
            AND patient_sn in
            <foreach item="item" index="index" collection="dto.patientSns" open="(" separator="," close=")">
                #{item}
            </foreach>
        </if>
        <if test="dto.orderStatusList != null and dto.orderStatusList.size()>0">
            AND order_status in
            <foreach item="item" index="index" collection="dto.orderStatusList" open="(" separator="," close=")">
                #{item}
            </foreach>
        </if>
        <if test="dto.orderTypes != null and dto.orderTypes.size()>0">
            AND order_type in
            <foreach item="item" index="index" collection="dto.orderTypes" open="(" separator="," close=")">
                #{item}
            </foreach>
        </if>
        order by create_time desc
    </select>
    <select id="getPatientLastOrders" resultType="com.params.entity.Orders">
        SELECT OS.*
        FROM orders OS
        WHERE OS.id IN (
        SELECT MAX(OS2.id)
        FROM orders OS2
        WHERE OS2.patient_sn = OS.patient_sn
        AND OS2.deleted = 0
        )
        AND OS.deleted = 0
        AND OS.patient_sn IN
        <foreach collection="patientSns" item="patientSn" open="(" separator="," close=")">
            #{patientSn}
        </foreach>
    </select>
    <select id="cusPageGetOrdersJoinSchedule" resultType="com.params.entity.Orders">
        SELECT O.*,SD.schedule_date,SD.start_time,SD.end_time
        FROM orders O
                 LEFT JOIN schedule_detail SD ON SD.id = O.schedule_detail_id
            ${ew.customSqlSegment}
        ORDER BY SD.schedule_date DESC,
            SD.start_time
    </select>
</mapper>
