<?xml version="1.0" encoding="UTF-8"?>
<!DOCTYPE mapper PUBLIC "-//mybatis.org//DTD Mapper 3.0//EN" "http://mybatis.org/dtd/mybatis-3-mapper.dtd">
<mapper namespace="com.params.dao.RefundRecordDao">

    <sql id="findByPageQuery">
        <if test="ew.orderSn != null and ew.orderSn!=''">
            AND rr.order_sn LIKE CONCAT('%',#{ew.orderSn},'%')
        </if>
        <if test="ew.listType != null and ew.listType == 0">
            AND rr.refund_status in ("REFUNDING")
        </if>
        <if test="ew.listType != null and ew.listType == 1">
            AND rr.refund_status not in ("REFUNDING")
        </if>

    </sql>

    <select id="findByPage" resultType="com.params.pojo.vo.RefundListVO">
        select rr.*, lo.order_price,lo.pay_price,lo.payment_type,lo.pay_time,tr.serial_no
        from refund_record rr
        left join lucky_order lo on lo.order_sn = rr.order_sn
        left join transaction_record tr on tr.order_id = lo.id

        <where>
            <include refid="findByPageQuery"></include>
        </where>

        order by id desc
    </select>
    <select id="findCountByPage" resultType="java.lang.Long">
        select count(1)
        from refund_record rr
        left join lucky_order lo on lo.order_sn = rr.order_sn
        left join transaction_record tr on tr.order_id = lo.id

        <where>
            <include refid="findByPageQuery"></include>
        </where>

    </select>
</mapper>
