<?xml version="1.0" encoding="UTF-8"?>
<!DOCTYPE mapper
        PUBLIC "-//mybatis.org//DTD Mapper 3.0//EN"
        "http://mybatis.org/dtd/mybatis-3-mapper.dtd">
<mapper namespace="com.params.dao.ScheduleDao">

    <resultMap id="BaseResultMap" type="com.params.entity.Schedule">
            <id property="id" column="id" jdbcType="INTEGER"/>
            <result property="adminId" column="admin_id" jdbcType="INTEGER"/>
            <result property="scheduleDate" column="schedule_date" jdbcType="DATE"/>
            <result property="startTime" column="start_time" jdbcType="TIME"/>
            <result property="endTime" column="end_time" jdbcType="TIME"/>
            <result property="scheduleStatus" column="schedule_status" jdbcType="TINYINT"/>
            <result property="registrationAmount" column="registration_amount" jdbcType="DECIMAL"/>
            <result property="createTime" column="create_time" jdbcType="TIMESTAMP"/>
            <result property="modifyTime" column="modify_time" jdbcType="TIMESTAMP"/>
            <result property="operator" column="operator" jdbcType="VARCHAR"/>
            <result property="deleted" column="deleted" jdbcType="TINYINT"/>
            <result property="clinicId" column="clinic_id" jdbcType="INTEGER"/>
    </resultMap>

    <sql id="Base_Column_List">
        id,admin_id,schedule_date,
        start_time,end_time,schedule_status,
        registration_amount,create_time,modify_time,
        operator,deleted,clinic_id
    </sql>
</mapper>
