<?xml version="1.0" encoding="UTF-8"?>
<!DOCTYPE mapper
        PUBLIC "-//mybatis.org//DTD Mapper 3.0//EN"
        "http://mybatis.org/dtd/mybatis-3-mapper.dtd">
<mapper namespace="com.params.dao.ScheduleDetailDao">

    <resultMap id="BaseResultMap" type="com.params.entity.ScheduleDetail">
        <id property="id" column="id" jdbcType="INTEGER"/>
        <id property="scheduleDate" column="schedule_date" jdbcType="DATE"/>
        <result property="scheduleId" column="schedule_id" jdbcType="INTEGER"/>
        <result property="adminId" column="admin_id" jdbcType="INTEGER"/>
        <result property="startTime" column="start_time" jdbcType="TIME"/>
        <result property="endTime" column="end_time" jdbcType="TIME"/>
        <result property="createTime" column="create_time" jdbcType="TIMESTAMP"/>
        <result property="modifyTime" column="modify_time" jdbcType="TIMESTAMP"/>
        <result property="operator" column="operator" jdbcType="VARCHAR"/>
        <result property="deleted" column="deleted" jdbcType="TINYINT"/>
        <result property="clinicId" column="clinic_id" jdbcType="INTEGER"/>
    </resultMap>

    <sql id="Base_Column_List">
        id
        ,schedule_date,schedule_id,admin_id,
        start_time,end_time,create_time,
        modify_time,operator,deleted,
        clinic_id
    </sql>
</mapper>
