<?xml version="1.0" encoding="UTF-8"?>
<!DOCTYPE mapper
        PUBLIC "-//mybatis.org//DTD Mapper 3.0//EN"
        "http://mybatis.org/dtd/mybatis-3-mapper.dtd">
<mapper namespace="com.params.dao.ScheduleDetailPatientBindDao">

    <resultMap id="BaseResultMap" type="com.params.entity.ScheduleDetailPatientBind">
            <id property="id" column="id" jdbcType="INTEGER"/>
            <result property="scheduleDetailId" column="schedule_detail_id" jdbcType="INTEGER"/>
            <result property="orderSn" column="order_sn" jdbcType="VARCHAR"/>
            <result property="patientSn" column="patient_sn" jdbcType="VARCHAR"/>
        <result property="adminId" column="admin_id" jdbcType="INTEGER"/>
        <result property="deleted" column="deleted" jdbcType="TINYINT"/>
            <result property="createTime" column="create_time" jdbcType="TIMESTAMP"/>
            <result property="modifyTime" column="modify_time" jdbcType="TIMESTAMP"/>
            <result property="clinicId" column="clinic_id" jdbcType="INTEGER"/>
    </resultMap>

    <sql id="Base_Column_List">
        id,schedule_detail_id,order_sn,
        patient_sn.admin_id,deleted,create_time,modify_time,
        clinic_id
    </sql>

    <insert id="makeAppointment" parameterType="com.params.pojo.dto.AppointmentDTO">
        INSERT INTO schedule_detail_patient_bind (schedule_detail_id, order_sn, patient_sn, clinic_id, admin_id)
        SELECT #{scheduleDetailId}, #{orderSn}, #{patientSn}, #{channelId},#{adminId}
        FROM dual
        WHERE EXISTS (SELECT 1
                      from (select registration_count
                            from admin_user_info i
                            where i.admin_id = #{adminId}
                              and deleted = 0
                              and clinic_id = #{channelId}) s,
                           (select count(*) num
                            from schedule_detail d
                                     left join schedule_detail_patient_bind b on d.id = b.schedule_detail_id
                            where d.clinic_id = #{channelId}
                              and d.deleted = 0
                              and d.id = #{scheduleDetailId}
                              and b.order_sn is not null
                              and b.deleted = 0) t
                      where s.registration_count > t.num)
    </insert>
</mapper>
