<?xml version="1.0" encoding="UTF-8"?>
<!DOCTYPE mapper
        PUBLIC "-//mybatis.org//DTD Mapper 3.0//EN"
        "http://mybatis.org/dtd/mybatis-3-mapper.dtd">
<mapper namespace="com.params.dao.SmsNoticeLogDao">

    <resultMap id="BaseResultMap" type="com.params.entity.SmsNoticeLog">
            <id property="id" column="id" jdbcType="INTEGER"/>
            <result property="orderSn" column="order_sn" jdbcType="VARCHAR"/>
            <result property="patientName" column="patient_name" jdbcType="VARCHAR"/>
            <result property="patientPhone" column="patient_phone" jdbcType="VARCHAR"/>
            <result property="adminName" column="admin_name" jdbcType="VARCHAR"/>
            <result property="smsTemplateCode" column="sms_template_code" jdbcType="VARCHAR"/>
            <result property="signName" column="sign_name" jdbcType="VARCHAR"/>
            <result property="noticeNode" column="notice_node" jdbcType="VARCHAR"/>
            <result property="paramsContent" column="params_content" jdbcType="VARCHAR"/>
            <result property="status" column="status" jdbcType="TINYINT"/>
            <result property="resultContent" column="result_content" jdbcType="VARCHAR"/>
            <result property="createTime" column="create_time" jdbcType="TIMESTAMP"/>
            <result property="clinicId" column="clinic_id" jdbcType="INTEGER"/>
    </resultMap>

    <sql id="Base_Column_List">
        id,order_sn,patient_name,
        patient_phone,admin_name,sms_template_code,
        sign_name,notice_node,params_content,
        status,result_content,create_time,clinicId
    </sql>
</mapper>
