<?xml version="1.0" encoding="UTF-8"?>
<!DOCTYPE mapper PUBLIC "-//mybatis.org//DTD Mapper 3.0//EN" "http://mybatis.org/dtd/mybatis-3-mapper.dtd">
<mapper namespace="com.params.dao.SysAdminPermissionBindDao">

    <!-- 通用查询映射结果 -->
    <resultMap id="BaseResultMap" type="com.params.entity.SysAdminPermissionBind">
        <id column="id" property="id" />
        <result column="admin_id" property="adminId" />
        <result column="permission_id" property="permissionId" />
        <result column="disable" property="disable" />
        <result column="create_time" property="createTime" />
        <result column="modify_time" property="modifyTime" />
    </resultMap>
    <!-- 通用查询结果列 -->
    <sql id="Base_Column_List">
        id, admin_id, permission_id, disable, create_time, modify_time
    </sql>

</mapper>
