<?xml version="1.0" encoding="UTF-8"?>
<!DOCTYPE mapper PUBLIC "-//mybatis.org//DTD Mapper 3.0//EN" "http://mybatis.org/dtd/mybatis-3-mapper.dtd">
<mapper namespace="com.params.dao.SysPermissionDao">

    <!-- 通用查询映射结果 -->
    <resultMap id="BaseResultMap" type="com.params.entity.SysPermission">
        <id column="id" property="id" />
        <result column="name" property="name" />
        <result column="parent_id" property="parentId" />
        <result column="perms" property="perms" />
        <result column="permission_url" property="permissionUrl" />
        <result column="description" property="description" />
        <result column="create_time" property="createTime" />
    </resultMap>
    <!-- 通用查询结果列 -->
    <sql id="Base_Column_List">
        id, name, parent_id, perms, permission_url, description, create_time
    </sql>

</mapper>
