<?xml version="1.0" encoding="UTF-8"?>
<!DOCTYPE mapper PUBLIC "-//mybatis.org//DTD Mapper 3.0//EN" "http://mybatis.org/dtd/mybatis-3-mapper.dtd">
<mapper namespace="com.params.dao.SysPermissionRoleDao">

    <!-- 通用查询映射结果 -->
    <resultMap id="BaseResultMap" type="com.params.entity.SysPermissionRole">
        <id column="id" property="id" />
        <result column="admin_role_id" property="adminRoleId" />
        <result column="sys_permission_id" property="sysPermissionId" />
        <result column="deleted" property="deleted" />
        <result column="create_time" property="createTime" />
    </resultMap>
    <!-- 通用查询结果列 -->
    <sql id="Base_Column_List">
        id, admin_role_id, sys_permission_id, deleted, create_time
    </sql>

</mapper>
