<?xml version="1.0" encoding="UTF-8"?>
<!DOCTYPE mapper
        PUBLIC "-//mybatis.org//DTD Mapper 3.0//EN"
        "http://mybatis.org/dtd/mybatis-3-mapper.dtd">
<mapper namespace="com.params.dao.TaskLogDao">

    <resultMap id="BaseResultMap" type="com.params.entity.TaskLog">
            <id property="id" column="id" jdbcType="INTEGER"/>
            <result property="orderSn" column="order_sn" jdbcType="VARCHAR"/>
            <result property="patientSn" column="patient_sn" jdbcType="VARCHAR"/>
            <result property="taskName" column="task_name" jdbcType="VARCHAR"/>
            <result property="taskType" column="task_type" jdbcType="TINYINT"/>
            <result property="taskStatus" column="task_status" jdbcType="TINYINT"/>
            <result property="createTime" column="create_time" jdbcType="TIMESTAMP"/>
            <result property="operator" column="operator" jdbcType="VARCHAR"/>
            <result property="clinicId" column="clinic_id" jdbcType="INTEGER"/>
    </resultMap>

    <sql id="Base_Column_List">
        id,order_sn,patient_sn,
        task_name,task_type,task_status,
        create_time,operator,clinic_id
    </sql>
    <select id="getPatientLastTaskLog" resultType="com.params.entity.TaskLog">
        SELECT t.`id`,
        t.`order_sn`,
        t.`patient_sn`,
        t.`task_name`,
        t.`task_type`,
        t.`task_status`,
        t.`create_time`,
        t.`operator`,
        t.`clinic_id`
        FROM task_log t
        WHERE t.id IN
        (SELECT MAX(t2.id)
        FROM task_log t2
        WHERE t2.patient_sn = t.patient_sn)
        AND t.patient_sn IN
        <foreach collection="patientSns" item="patientSn" open="(" separator="," close=")">
            #{patientSn}
        </foreach>
    </select>
    <select id="getPatientAllOrdersLastTaskLog" resultType="com.params.entity.TaskLog">
        SELECT t.`id`,
               t.`order_sn`,
               t.`patient_sn`,
               t.`task_name`,
               t.`task_type`,
               t.`task_status`,
               t.`create_time`,
               t.`operator`,
               t.`clinic_id`
        FROM task_log t
        WHERE t.id IN
              (SELECT MAX(t2.id)
               FROM task_log t2
               WHERE t2.order_sn = t.order_sn)
        AND t.patient_sn IN
        <foreach collection="patientSns" item="patientSn" open="(" separator="," close=")">
            #{patientSn}
        </foreach>
    </select>
    <select id="getOrderLastTaskLogByOrderSns" resultType="com.params.entity.TaskLog">
        SELECT t.`id`,
               t.`order_sn`,
               t.`patient_sn`,
               t.`task_name`,
               t.`task_type`,
               t.`task_status`,
               t.`create_time`,
               t.`operator`,
               t.`clinic_id`
        FROM task_log t
        WHERE t.id IN
              (SELECT MAX(t2.id)
               FROM task_log t2
               WHERE t2.order_sn = t.order_sn)
        AND t.order_sn IN
        <foreach collection="orderSns" item="orderSn" open="(" separator="," close=")">
            #{orderSn}
        </foreach>
    </select>
</mapper>
