<?xml version="1.0" encoding="UTF-8"?>
<!DOCTYPE mapper PUBLIC "-//mybatis.org//DTD Mapper 3.0//EN" "http://mybatis.org/dtd/mybatis-3-mapper.dtd">
<mapper namespace="com.params.dao.TransactionRecordDao">

    <!-- 通用查询映射结果 -->
    <resultMap id="BaseResultMap" type="com.params.entity.TransactionRecord">
        <id column="id" property="id" />
        <result column="create_time" property="createTime" />
        <result column="modify_time" property="modifyTime" />
        <result column="disable" property="disable" />
        <result column="version" property="version" />
        <result column="order_id" property="orderId" />
        <result column="trade_num" property="tradeNum" />
        <result column="status" property="status" />
        <result column="refund_fee" property="refundFee" />
        <result column="payment_type" property="paymentType" />
        <result column="payment_type_id" property="paymentTypeId" />
        <result column="serial_no" property="serialNo" />
        <result column="payment_account" property="paymentAccount" />
        <result column="receive_account" property="receiveAccount" />
        <result column="pay_fee" property="payFee" />
        <result column="operator" property="operator" />
        <result column="callback_params" property="callbackParams" />
        <result column="remark" property="remark" />
        <result column="apply_refund_time" property="applyRefundTime" />
        <result column="refund_time" property="refundTime" />
        <result column="other_coupon_fee" property="otherCouponFee" />
    </resultMap>
    <!-- 通用查询结果列 -->
    <sql id="Base_Column_List">
        id, create_time, modify_time, disable, version, order_id, trade_num, status, refund_fee, payment_type, payment_type_id, serial_no, payment_account, receive_account, pay_fee, operator, callback_params, remark, apply_refund_time, refund_time, other_coupon_fee
    </sql>
    <select id="selectTransactionLogByTradeNum" resultType="com.params.entity.TransactionLog">
        select * from transaction_log where trade_num=#{tradeNum}

    </select>

</mapper>
